WKT,seccio,mundissec,districte,municipi
"POLYGON ((1.953801 41.434855,1.953836 41.434534,1.953873 41.434188,1.95413 41.433859,1.954723 41.433505,1.954979 41.433352,1.955077 41.433175,1.955091 41.432962,1.954941 41.432756,1.954678 41.432396,1.954318 41.432131,1.954114 41.431998,1.953893 41.431972,1.953673 41.431839,1.953422 41.431869,1.953199 41.431775,1.95287 41.431636,1.952714 41.431425,1.952466 41.431089,1.952441 41.431023,1.951764 41.431017,1.951272 41.431179,1.950985 41.431221,1.950789 41.431003,1.950646 41.430843,1.950667 41.430692,1.950697 41.430477,1.95085 41.430193,1.950852 41.430062,1.950775 41.429894,1.95078 41.429608,1.950673 41.429345,1.950579 41.429113,1.950775 41.428893,1.951093 41.428813,1.951553 41.428817,1.951915 41.428904,1.952248 41.428895,1.952552 41.428695,1.952732 41.428315,1.952941 41.428139,1.953164 41.427949,1.953452 41.427833,1.953505 41.427536,1.953683 41.427275,1.953687 41.427049,1.953818 41.426752,1.954093 41.426385,1.954557 41.426104,1.95509 41.42578,1.955408 41.425325,1.955413 41.425015,1.955355 41.424693,1.955154 41.424417,1.954908 41.42408,1.954909 41.423879,1.954977 41.423569,1.954902 41.423318,1.954703 41.422923,1.95474 41.422578,1.954528 41.421992,1.954416 41.421683,1.954426 41.421396,1.954303 41.421216,1.954181 41.420929,1.953567 41.419956,1.953102 41.42014,1.952903 41.420237,1.952681 41.420284,1.952288 41.420435,1.952058 41.420464,1.95182 41.420468,1.949797 41.420392,1.945564 41.420236,1.945262 41.420204,1.945186 41.420379,1.94538 41.420427,1.944845 41.421082,1.94419 41.421686,1.943481 41.422404,1.942849 41.423132,1.941537 41.422824,1.941331 41.422776,1.941133 41.423536,1.941444 41.424673,1.941105 41.425232,1.940951 41.426146,1.941117 41.426653,1.940893 41.426759,1.940713 41.426918,1.940274 41.427265,1.938946 41.427186,1.937421 41.428249,1.936079 41.429008,1.935407 41.42904,1.932923 41.429923,1.93194 41.430352,1.930768 41.430742,1.928981 41.430811,1.927389 41.431349,1.926781 41.431344,1.926196 41.43151,1.925787 41.431744,1.925174 41.432005,1.924742 41.432078,1.924224 41.432025,1.923982 41.43194,1.924299 41.4324,1.924299 41.432401,1.92479 41.432479,1.925574 41.432679,1.932064 41.434751,1.932371 41.434849,1.933156 41.435003,1.933476 41.434881,1.933589 41.434861,1.934311 41.434869,1.934313 41.434869,1.934313 41.434869,1.935687 41.434863,1.935805 41.434873,1.935805 41.434873,1.936532 41.435004,1.93665 41.435016,1.937196 41.435034,1.937213 41.435034,1.937213 41.435034,1.93733 41.435015,1.937457 41.434992,1.938323 41.434653,1.938666 41.434585,1.938782 41.434584,1.938782 41.434584,1.938886 41.434602,1.939351 41.434686,1.93946 41.434721,1.940048 41.435003,1.940797 41.435327,1.940956 41.4354,1.941193 41.43551,1.941241 41.435524,1.94132 41.435548,1.941874 41.435645,1.942031 41.435672,1.942135 41.435712,1.942267 41.435796,1.942427 41.435897,1.942533 41.435929,1.943033 41.436296,1.943034 41.436296,1.943038 41.436299,1.943052 41.436308,1.943176 41.43633,1.943723 41.436429,1.944354 41.436588,1.94469 41.436795,1.94469 41.436795,1.944822 41.437035,1.944883 41.437478,1.9449 41.437836,1.945076 41.438145,1.945548 41.438302,1.945978 41.438491,1.946222 41.438598,1.946956 41.439439,1.94758 41.44002,1.947833 41.440453,1.947959 41.440489,1.948299 41.440588,1.948683 41.44084,1.948683 41.44084,1.949408 41.441474,1.949408 41.441474,1.95134 41.441043,1.951809 41.440938,1.95217 41.440564,1.951969 41.44032,1.951236 41.439634,1.951082 41.439394,1.951043 41.438822,1.951145 41.438394,1.951525 41.437657,1.951638 41.437278,1.951117 41.43719,1.951412 41.436585,1.952061 41.436579,1.952665 41.436417,1.953114 41.436076,1.953611 41.435699,1.953871 41.435309,1.953801 41.434855))",007,08072801007,01,080728
"POLYGON ((2.982647 42.213706,2.983377 42.212652,2.985354 42.209665,2.985503 42.209378,2.985604 42.209033,2.988491 42.204413,2.988655 42.204047,2.989279 42.203168,2.989328 42.203022,2.989328 42.203021,2.989065 42.202814,2.991512 42.2008,2.991512 42.2008,2.990642 42.200263,2.990642 42.200263,2.991922 42.199409,2.990937 42.198616,2.990937 42.198616,2.990265 42.198005,2.990057 42.19728,2.990176 42.196179,2.990572 42.194547,2.990572 42.194547,2.983066 42.195307,2.982827 42.195835,2.982827 42.195835,2.982586 42.195781,2.981781 42.195602,2.980016 42.194926,2.978671 42.194292,2.977146 42.193425,2.974558 42.191974,2.97418 42.192706,2.974016 42.192834,2.974016 42.192834,2.973959 42.192748,2.973959 42.192748,2.973811 42.192632,2.97345 42.192468,2.97345 42.192468,2.973401 42.192309,2.973401 42.192309,2.97322 42.192187,2.973056 42.192138,2.972859 42.192022,2.972859 42.192022,2.972753 42.191857,2.972712 42.191723,2.972737 42.191332,2.9727 42.191256,2.972687 42.191229,2.972408 42.191161,2.972179 42.191058,2.971982 42.191088,2.971982 42.191088,2.971936 42.19108,2.971752 42.191045,2.971588 42.190948,2.971342 42.190935,2.971169 42.191039,2.970972 42.191118,2.970759 42.191045,2.9703 42.191002,2.970078 42.191027,2.969783 42.190966,2.969758 42.191185,2.968502 42.191075,2.967862 42.191075,2.965179 42.190781,2.960846 42.19056,2.958852 42.190688,2.95671 42.190852,2.955257 42.191052,2.955272 42.190371,2.955272 42.190371,2.955354 42.189907,2.955579 42.189002,2.955801 42.188563,2.956047 42.18827,2.956343 42.187995,2.957008 42.187648,2.957007 42.187648,2.956318 42.187648,2.956318 42.187647,2.956257 42.187449,2.956161 42.186621,2.956161 42.186621,2.955408 42.186658,2.955408 42.186658,2.95599 42.186114,2.956163 42.185673,2.956256 42.185217,2.956245 42.184303,2.956928 42.181718,2.957801 42.179611,2.958196 42.177945,2.958689 42.176224,2.958666 42.174192,2.958961 42.173899,2.959131 42.173676,2.959478 42.173222,2.959842 42.172746,2.96002 42.172513,2.961336 42.169706,2.962602 42.169339,2.962803 42.169103,2.96305 42.168573,2.963149 42.168042,2.963075 42.167712,2.962606 42.16681,2.963013 42.166231,2.963128 42.165964,2.963417 42.165699,2.963786 42.165617,2.964278 42.165545,2.964845 42.165381,2.965059 42.165253,2.965593 42.164803,2.965758 42.164459,2.965862 42.164149,2.966057 42.163689,2.96636 42.16331,2.96668 42.163044,2.969573 42.161662,2.969802 42.161535,2.970001 42.161396,2.970001 42.161396,2.970141 42.160193,2.970107 42.159964,2.970099 42.15922,2.970158 42.15898,2.970199 42.158579,2.970349 42.158257,2.970574 42.157605,2.970886 42.157577,2.970886 42.157577,2.971501 42.157534,2.971905 42.157541,2.971905 42.157541,2.972217 42.157513,2.97253 42.157427,2.972883 42.157255,2.972883 42.157255,2.97249 42.15709,2.971987 42.156759,2.971814 42.15661,2.971813 42.15661,2.971774 42.156574,2.971609 42.156422,2.971422 42.156192,2.971394 42.156138,2.97135 42.156052,2.971396 42.155752,2.971407 42.1556,2.971423 42.15532,2.971417 42.155294,2.971388 42.155166,2.971327 42.154993,2.971081 42.1547,2.97091 42.154572,2.970717 42.154457,2.970717 42.154457,2.970622 42.154368,2.970481 42.154084,2.970423 42.153971,2.970351 42.153768,2.97029 42.153536,2.970205 42.15315,2.970177 42.153067,2.970177 42.153067,2.96897 42.152397,2.968556 42.152168,2.968295 42.152215,2.968095 42.152297,2.967943 42.152378,2.967714 42.152597,2.967562 42.15269,2.967224 42.152772,2.967224 42.152772,2.966808 42.152775,2.966808 42.152775,2.966781 42.152773,2.96647 42.152754,2.966115 42.152711,2.965252 42.152534,2.964913 42.152502,2.964913 42.152502,2.964143 42.152472,2.964143 42.152472,2.963972 42.152457,2.962711 42.152345,2.962311 42.152324,2.96188 42.152327,2.961234 42.152378,2.960712 42.152484,2.960712 42.152484,2.960405 42.152498,2.960127 42.152488,2.959415 42.151883,2.958791 42.151352,2.958576 42.151365,2.958408 42.151446,2.958026 42.151678,2.955994 42.153105,2.955661 42.153231,2.955396 42.153349,2.954844 42.153474,2.954264 42.153807,2.955006 42.153158,2.955305 42.152812,2.955408 42.152625,2.955455 42.152101,2.955455 42.152101,2.95544 42.151619,2.95541 42.151154,2.955262 42.150971,2.955166 42.150852,2.955166 42.150852,2.954555 42.150484,2.953932 42.150254,2.95311 42.149821,2.952816 42.149648,2.952584 42.149511,2.952233 42.14909,2.952233 42.14909,2.951744 42.148744,2.950995 42.148572,2.950581 42.148495,2.950011 42.148576,2.94977 42.148613,2.949454 42.148792,2.949199 42.148599,2.94894 42.148403,2.948719 42.148258,2.948467 42.148094,2.948087 42.147866,2.947781 42.147682,2.947452 42.147504,2.946954 42.14725,2.946226 42.146879,2.94521 42.146502,2.944391 42.146699,2.941133 42.147585,2.938744 42.14994,2.939846 42.150718,2.939846 42.150718,2.938996 42.151447,2.937658 42.152557,2.937721 42.153906,2.937824 42.154352,2.937845 42.154445,2.937845 42.154445,2.937993 42.15542,2.937941 42.155824,2.937901 42.156075,2.937901 42.156075,2.937433 42.156965,2.937042 42.157754,2.936873 42.158286,2.936268 42.159632,2.936101 42.160379,2.935755 42.161229,2.935242 42.162135,2.935085 42.162583,2.934784 42.163024,2.934361 42.163543,2.933982 42.163803,2.932661 42.164089,2.932055 42.163992,2.93177 42.1639,2.93125 42.163899,2.93125 42.163899,2.931211 42.163898,2.930419 42.16387,2.929484 42.163871,2.928026 42.163916,2.926805 42.164154,2.926025 42.164401,2.925661 42.164575,2.92394 42.165149,2.923004 42.165461,2.921705 42.165735,2.921185 42.165845,2.92064 42.166028,2.922066 42.166797,2.922694 42.167248,2.922989 42.167668,2.923117 42.168048,2.923159 42.168175,2.923185 42.168903,2.923185 42.168903,2.923093 42.169264,2.923089 42.169644,2.923044 42.169823,2.923007 42.169938,2.922925 42.170067,2.922803 42.170195,2.922762 42.170263,2.922751 42.170337,2.922813 42.1705,2.922828 42.170602,2.92339 42.170824,2.925048 42.171307,2.925531 42.171466,2.926248 42.171874,2.926249 42.171874,2.926872 42.172418,2.926872 42.172418,2.927777 42.174042,2.928201 42.174277,2.928772 42.174594,2.929333 42.175335,2.929613 42.176247,2.930937 42.179552,2.931374 42.180692,2.931548 42.181148,2.931737 42.181915,2.932026 42.182216,2.93243 42.182636,2.932466 42.183162,2.93244 42.183893,2.932449 42.18442,2.932365 42.184902,2.932115 42.185603,2.932035 42.186314,2.932101 42.186588,2.932517 42.187581,2.933022 42.188379,2.933685 42.189127,2.933787 42.189298,2.933838 42.18964,2.933709 42.190722,2.933427 42.192374,2.933427 42.192374,2.933303 42.193303,2.933675 42.194411,2.93461 42.196109,2.934648 42.19651,2.934625 42.197003,2.934725 42.197472,2.934982 42.1981,2.935343 42.1986,2.936249 42.199463,2.936249 42.199463,2.937139 42.200021,2.938201 42.200601,2.938201 42.200601,2.938201 42.200601,2.939705 42.201996,2.939917 42.202194,2.940182 42.202429,2.940183 42.202429,2.94044 42.202669,2.94059 42.202826,2.940613 42.202851,2.940736 42.202986,2.940812 42.203069,2.94088 42.203143,2.940888 42.203152,2.941009 42.203299,2.941052 42.203355,2.941124 42.203448,2.941212 42.203563,2.941266 42.203632,2.941405 42.203816,2.941435 42.203857,2.941563 42.204033,2.941708 42.204229,2.941723 42.20425,2.941912 42.204501,2.942099 42.204752,2.94224 42.204942,2.94228 42.204997,2.94238 42.205132,2.942435 42.205206,2.942535 42.205338,2.942691 42.205544,2.942831 42.205738,2.94297 42.205934,2.943137 42.206152,2.943303 42.206371,2.943527 42.206675,2.943751 42.206978,2.943877 42.207146,2.944002 42.207313,2.944152 42.20752,2.944287 42.207706,2.944301 42.207726,2.944348 42.207792,2.944437 42.207918,2.94457 42.208111,2.944686 42.208285,2.944794 42.208462,2.944889 42.208635,2.944979 42.208809,2.945045 42.20894,2.945085 42.20902,2.945192 42.209231,2.945327 42.209501,2.945462 42.20977,2.945582 42.210004,2.945652 42.210141,2.945702 42.210238,2.945808 42.210464,2.945915 42.210691,2.946045 42.210946,2.946176 42.211202,2.946282 42.211416,2.946388 42.21163,2.946474 42.211806,2.95063 42.212117,2.95063 42.212117,2.951404 42.212081,2.951404 42.212081,2.953463 42.209438,2.95448 42.207676,2.955635 42.205255,2.968529 42.208038,2.971303 42.209813,2.971303 42.209813,2.97286 42.210681,2.977524 42.213282,2.977524 42.213282,2.978794 42.212417,2.979682 42.212386,2.979682 42.212386,2.98057 42.213864,2.980647 42.214163,2.980647 42.214163,2.980702 42.21415,2.982638 42.213695,2.982647 42.213706,2.982647 42.213706))",001,17075401001,01,170754
"POLYGON ((2.045131 41.340714,2.045767 41.34015,2.045835 41.339956,2.045884 41.339914,2.045099 41.339434,2.045812 41.338798,2.045098 41.338352,2.043558 41.339723,2.045131 41.340714))",003,08200904003,04,082009
"POLYGON ((2.183726 41.484714,2.184241 41.484594,2.18482 41.484392,2.185142 41.484237,2.185722 41.483883,2.186026 41.483496,2.186265 41.483049,2.186299 41.482986,2.186405 41.482536,2.186409 41.482504,2.186415 41.481984,2.186292 41.481392,2.186168 41.480984,2.186154 41.480388,2.18624 41.479591,2.186251 41.479246,2.186577 41.478689,2.186588 41.477826,2.186416 41.476887,2.186319 41.476471,2.186243 41.476295,2.186157 41.476096,2.185532 41.476575,2.185205 41.476757,2.185189 41.47677,2.18569 41.47715,2.185866 41.477283,2.185946 41.477363,2.186014 41.477447,2.186063 41.477539,2.1861 41.477635,2.186124 41.477733,2.186139 41.477831,2.186147 41.47793,2.186147 41.47803,2.18614 41.478129,2.186125 41.478227,2.186104 41.478324,2.186078 41.478421,2.18605 41.478519,2.186022 41.478616,2.185982 41.478744,2.185941 41.478838,2.185817 41.479121,2.185775 41.479215,2.185733 41.479308,2.18569 41.479402,2.185647 41.479496,2.185601 41.479589,2.185554 41.479681,2.185506 41.479773,2.185456 41.479865,2.185357 41.480049,2.185307 41.48014,2.185259 41.480233,2.185212 41.480325,2.185168 41.480419,2.185127 41.480513,2.185088 41.480608,2.185053 41.480703,2.185018 41.480799,2.184987 41.480895,2.184961 41.480992,2.184941 41.48109,2.184928 41.481188,2.184919 41.481287,2.184911 41.481387,2.184893 41.481584,2.184876 41.481782,2.18486 41.481962,2.184833 41.482259,2.184823 41.482357,2.184811 41.482456,2.184798 41.482555,2.184783 41.482653,2.184766 41.482751,2.184745 41.482849,2.184722 41.482947,2.184694 41.483044,2.184658 41.483139,2.184611 41.483232,2.18455 41.483319,2.184477 41.483402,2.184403 41.483485,2.184333 41.483568,2.184261 41.483651,2.184182 41.483731,2.184096 41.483806,2.184013 41.483883,2.183944 41.483967,2.183884 41.484056,2.183825 41.484145,2.183776 41.484237,2.183745 41.484332,2.183724 41.48443,2.183708 41.484529,2.183726 41.484714))",001,08125201001,01,081252
"POLYGON ((1.100704 41.172527,1.101066 41.172061,1.101397 41.169817,1.101657 41.168056,1.101737 41.167658,1.100755 41.167785,1.100027 41.167892,1.099411 41.16793,1.098433 41.167925,1.097551 41.167899,1.096638 41.167836,1.095946 41.167777,1.095303 41.167647,1.094912 41.167545,1.093991 41.167232,1.093671 41.167105,1.092868 41.166766,1.092584 41.166614,1.092044 41.166282,1.091759 41.166095,1.091719 41.166053,1.091759 41.165922,1.091905 41.165751,1.0913 41.165948,1.091312 41.165875,1.091347 41.165633,1.091395 41.165481,1.091607 41.165532,1.09168 41.165545,1.091704 41.165547,1.091729 41.165544,1.091758 41.165538,1.091781 41.16553,1.0918 41.165519,1.091816 41.165509,1.091831 41.165498,1.091842 41.165487,1.091854 41.165473,1.091872 41.165451,1.091884 41.165432,1.091895 41.165412,1.091902 41.165396,1.091911 41.165379,1.091916 41.165366,1.091931 41.165315,1.091939 41.165294,1.091943 41.165275,1.09195 41.165249,1.09196 41.165225,1.091966 41.165204,1.091969 41.16519,1.091971 41.165171,1.091972 41.165153,1.091971 41.165132,1.09197 41.165103,1.091972 41.165088,1.091975 41.165071,1.09198 41.165055,1.091989 41.165038,1.092001 41.165022,1.092018 41.165009,1.092033 41.164996,1.092045 41.164983,1.092058 41.164965,1.092065 41.164951,1.09207 41.164937,1.092076 41.16491,1.092108 41.164892,1.092192 41.164742,1.09215 41.164712,1.092059 41.164651,1.091801 41.164573,1.091832 41.164534,1.091857 41.16451,1.091887 41.164477,1.091911 41.164451,1.091933 41.164435,1.091967 41.164403,1.091999 41.164373,1.092043 41.16434,1.092079 41.164304,1.092118 41.164273,1.092152 41.164249,1.092182 41.164217,1.092214 41.164194,1.092246 41.164164,1.092276 41.164143,1.092297 41.164116,1.092314 41.164096,1.092329 41.164079,1.092343 41.164058,1.092351 41.164041,1.092356 41.164021,1.092365 41.163992,1.09237 41.163957,1.092366 41.163921,1.092368 41.163882,1.092364 41.163818,1.09236 41.163796,1.092357 41.163778,1.09235 41.163762,1.092339 41.163742,1.092324 41.163715,1.092305 41.163679,1.092289 41.163647,1.09226 41.163624,1.092236 41.163607,1.092212 41.163588,1.092192 41.163569,1.092172 41.163548,1.092153 41.163528,1.092131 41.163506,1.09212 41.163494,1.09209 41.163466,1.092076 41.16345,1.092064 41.163438,1.092046 41.163421,1.09202 41.163397,1.092004 41.163379,1.091993 41.163367,1.091971 41.163346,1.091953 41.163321,1.091946 41.163295,1.091941 41.163274,1.091939 41.163253,1.091938 41.163238,1.091941 41.163214,1.091941 41.163199,1.091937 41.163178,1.09193 41.163157,1.091926 41.163127,1.091921 41.163097,1.091918 41.163075,1.091918 41.163061,1.091916 41.163038,1.091914 41.16302,1.091913 41.163001,1.091913 41.162985,1.091908 41.162966,1.0919 41.162945,1.09189 41.16293,1.09188 41.162916,1.091868 41.162897,1.09186 41.162873,1.091848 41.162845,1.091832 41.162825,1.091814 41.162813,1.091783 41.162802,1.091754 41.162795,1.091731 41.162783,1.091695 41.162767,1.091674 41.162755,1.091654 41.162739,1.09164 41.162727,1.091633 41.162714,1.091626 41.162694,1.091625 41.162666,1.091623 41.162653,1.091621 41.162633,1.091619 41.162612,1.091618 41.162592,1.091624 41.162579,1.091645 41.162574,1.091649 41.16256,1.091643 41.162543,1.091639 41.162527,1.091641 41.162504,1.091647 41.162486,1.091648 41.162472,1.091651 41.162452,1.091649 41.162436,1.091654 41.162419,1.091661 41.162396,1.091671 41.162375,1.091684 41.162357,1.091691 41.162341,1.091682 41.162318,1.091658 41.162289,1.091641 41.162269,1.091627 41.162257,1.091606 41.162241,1.091578 41.162229,1.091555 41.162211,1.091534 41.1622,1.09151 41.16219,1.09148 41.162181,1.091463 41.162176,1.091435 41.162163,1.091405 41.162148,1.091383 41.162137,1.091369 41.162125,1.091353 41.162104,1.091341 41.162082,1.091332 41.16206,1.09132 41.162034,1.091312 41.162013,1.091302 41.161991,1.091299 41.161974,1.091298 41.161959,1.091297 41.161941,1.091295 41.161927,1.091291 41.161912,1.091283 41.161896,1.091275 41.161885,1.090791 41.161517,1.090659 41.161321,1.090226 41.160767,1.090058 41.160468,1.090005 41.16029,1.089676 41.160082,1.089522 41.159949,1.089481 41.159553,1.089695 41.159342,1.08982 41.159279,1.089831 41.158903,1.089766 41.158875,1.089583 41.158862,1.089498 41.158839,1.089466 41.158817,1.089418 41.158784,1.089152 41.158852,1.088711 41.158968,1.086986 41.159413,1.085349 41.159829,1.085144 41.15988,1.082941 41.160443,1.081711 41.160762,1.08 41.161204,1.079766 41.161267,1.079458 41.161346,1.079179 41.161418,1.078538 41.161583,1.077994 41.161718,1.076714 41.162045,1.074374 41.162639,1.071695 41.163323,1.070857 41.16353,1.06676 41.164556,1.065056 41.164962,1.064059 41.165156,1.063248 41.16532,1.06305 41.165364,1.062522 41.165481,1.062389 41.165505,1.061626 41.165625,1.061121 41.165666,1.060799 41.165668,1.06043 41.165612,1.060061 41.16552,1.05965 41.165332,1.059381 41.16595,1.059347 41.166363,1.059208 41.168086,1.059208 41.168087,1.059105 41.16955,1.057738 41.175633,1.057658 41.17599,1.057537 41.176526,1.059808 41.178109,1.062374 41.178595,1.063885 41.178881,1.066654 41.178908,1.067871 41.17892,1.0698 41.178939,1.072308 41.179306,1.072372 41.17935,1.076728 41.182284,1.077296 41.182666,1.077384 41.182631,1.078011 41.18238,1.078202 41.182264,1.078239 41.182242,1.078571 41.181969,1.078609 41.181937,1.078886 41.181876,1.078972 41.18189,1.079188 41.181925,1.07922 41.181915,1.079493 41.181831,1.079888 41.181707,1.080278 41.181692,1.080419 41.181711,1.080739 41.181755,1.081089 41.181803,1.081271 41.181829,1.082015 41.182081,1.082446 41.182187,1.083537 41.182412,1.083563 41.182371,1.083598 41.182315,1.083672 41.182262,1.083772 41.182244,1.083788 41.182242,1.083809 41.182243,1.083832 41.182244,1.084033 41.182257,1.085014 41.182447,1.085139 41.182472,1.085147 41.182471,1.085463 41.182435,1.08547 41.182434,1.085513 41.182429,1.085536 41.182435,1.085699 41.182478,1.086078 41.182578,1.086086 41.18258,1.086048 41.182402,1.086149 41.182147,1.086165 41.181969,1.086168 41.18194,1.08617 41.181911,1.086184 41.1817,1.086246 41.181463,1.086265 41.18139,1.086278 41.18137,1.086402 41.181168,1.086403 41.181168,1.086497 41.18111,1.086513 41.1811,1.086657 41.181015,1.086711 41.180983,1.086735 41.180945,1.086816 41.180815,1.086817 41.180815,1.086817 41.180815,1.086888 41.180587,1.086869 41.180259,1.086871 41.180189,1.086874 41.18009,1.086883 41.180037,1.0869 41.179934,1.087062 41.179839,1.087077 41.17984,1.087128 41.179843,1.087343 41.179854,1.087451 41.179848,1.087488 41.179846,1.087492 41.179845,1.087691 41.179768,1.087693 41.179767,1.088096 41.17955,1.088425 41.179441,1.088985 41.179314,1.089234 41.179192,1.089352 41.179101,1.08945 41.178972,1.089505 41.178928,1.089531 41.178908,1.089917 41.178743,1.090281 41.178581,1.090292 41.178577,1.09071 41.178301,1.090866 41.178118,1.090955 41.178033,1.091338 41.177779,1.0918 41.177679,1.091966 41.177563,1.091966 41.177562,1.092037 41.177405,1.09212 41.17714,1.092144 41.177071,1.092167 41.177002,1.092219 41.17687,1.09231 41.176722,1.092311 41.176722,1.092459 41.176527,1.092478 41.17639,1.092455 41.17626,1.09246 41.176256,1.092596 41.176141,1.092645 41.1761,1.092715 41.176099,1.092898 41.176098,1.093239 41.176236,1.093993 41.176547,1.095271 41.177193,1.09625 41.177559,1.09625 41.177554,1.09638 41.176891,1.096381 41.176889,1.096517 41.176529,1.096525 41.17652,1.096549 41.176494,1.09708 41.175922,1.098843 41.17397,1.09876 41.173762,1.098581 41.173312,1.099573 41.172038,1.099926 41.172328,1.100704 41.172527))",002,43123309002,09,431233
"POLYGON ((1.366017 41.542685,1.36645 41.542617,1.366508 41.542606,1.366585 41.542598,1.366646 41.5426,1.36672 41.542611,1.366765 41.54262,1.367102 41.542712,1.367149 41.542722,1.367199 41.542725,1.367562 41.542728,1.367948 41.542753,1.368797 41.542842,1.368868 41.542848,1.369375 41.542855,1.369468 41.542852,1.369582 41.542841,1.370037 41.542782,1.371255 41.542567,1.371931 41.542412,1.372112 41.542366,1.372368 41.542284,1.372658 41.54218,1.372945 41.542061,1.373153 41.541959,1.373257 41.541886,1.373628 41.541553,1.373945 41.541248,1.373973 41.541213,1.374057 41.541064,1.37408 41.541017,1.374096 41.540954,1.37416 41.540653,1.374167 41.54063,1.374181 41.540607,1.374337 41.5404,1.374347 41.540378,1.37435 41.540353,1.37436 41.539954,1.374367 41.539881,1.374375 41.539847,1.374382 41.539833,1.374389 41.539819,1.374406 41.539795,1.37442 41.539778,1.374431 41.539767,1.374448 41.539756,1.374471 41.539744,1.374486 41.539736,1.37452 41.539724,1.375013 41.539615,1.375047 41.539598,1.375162 41.539526,1.375196 41.539501,1.375448 41.539264,1.375486 41.539234,1.375518 41.539214,1.375799 41.539064,1.376085 41.538933,1.376444 41.538811,1.376475 41.538803,1.37651 41.538798,1.376551 41.538798,1.376591 41.5388,1.37663 41.538805,1.376656 41.538813,1.3767 41.538832,1.376736 41.538851,1.376757 41.538865,1.376815 41.538912,1.377109 41.538739,1.377758 41.538257,1.378163 41.537875,1.378337 41.537775,1.378493 41.537721,1.378833 41.537471,1.378932 41.537369,1.378919 41.537188,1.378941 41.537008,1.378996 41.536853,1.379103 41.536713,1.37935 41.536458,1.379457 41.536301,1.380159 41.535789,1.38048 41.535631,1.380766 41.535415,1.380974 41.53514,1.381045 41.534989,1.381161 41.534856,1.381868 41.534377,1.381983 41.534244,1.382268 41.533996,1.382583 41.533804,1.383154 41.533595,1.383967 41.533396,1.384203 41.533374,1.384406 41.533318,1.385978 41.532775,1.386588 41.532599,1.386769 41.5325,1.386959 41.532351,1.387254 41.531934,1.387701 41.53157,1.387871 41.531471,1.388267 41.531325,1.388685 41.53123,1.388866 41.531148,1.38897 41.531006,1.388907 41.530854,1.388877 41.530693,1.388993 41.530543,1.389188 41.530352,1.389371 41.530041,1.389375 41.529874,1.389587 41.529595,1.38971 41.529455,1.390024 41.529216,1.390184 41.528935,1.390392 41.528823,1.390567 41.528684,1.390655 41.528556,1.39076 41.528455,1.390747 41.528288,1.390683 41.528133,1.390704 41.527966,1.390811 41.527801,1.390955 41.527494,1.391151 41.527189,1.391363 41.526909,1.39149 41.526603,1.391596 41.52645,1.391652 41.526271,1.391605 41.526116,1.391424 41.525805,1.391411 41.525638,1.391437 41.525305,1.391492 41.525138,1.391581 41.524985,1.391899 41.524566,1.392027 41.524259,1.392256 41.523967,1.392743 41.52364,1.392972 41.523348,1.393409 41.522956,1.393723 41.522729,1.394277 41.522441,1.394484 41.522367,1.394689 41.522331,1.394912 41.522334,1.395133 41.522376,1.395505 41.522535,1.395727 41.522551,1.395933 41.522516,1.396347 41.522367,1.39676 41.522257,1.397123 41.522057,1.397348 41.52197,1.397552 41.521907,1.397737 41.521815,1.398101 41.521417,1.398241 41.521298,1.398283 41.521229,1.398294 41.520982,1.398222 41.520654,1.398237 41.520578,1.398295 41.520501,1.398434 41.520383,1.398472 41.520278,1.398248 41.519992,1.398039 41.519826,1.397822 41.519622,1.397503 41.518845,1.385671 41.517553,1.385545 41.517633,1.385013 41.517847,1.384118 41.51835,1.383604 41.518907,1.383387 41.518919,1.383192 41.518838,1.382965 41.518782,1.382539 41.51877,1.382332 41.518828,1.382025 41.519048,1.381614 41.519045,1.38114 41.519104,1.380466 41.519054,1.379627 41.51916,1.379431 41.519222,1.378726 41.519345,1.377993 41.519444,1.377391 41.519449,1.376882 41.519387,1.376718 41.519357,1.375992 41.519224,1.375681 41.519261,1.375458 41.519395,1.374915 41.519956,1.374712 41.520077,1.374528 41.520109,1.374372 41.520175,1.374149 41.520323,1.373923 41.520621,1.373755 41.520742,1.373444 41.520786,1.372682 41.520961,1.372346 41.520915,1.372009 41.520896,1.371615 41.52098,1.371356 41.521127,1.37062 41.521706,1.370345 41.522121,1.370123 41.522255,1.369692 41.522359,1.369115 41.522419,1.368877 41.522484,1.368738 41.522558,1.368176 41.522756,1.367633 41.522856,1.366568 41.523281,1.349867 41.529461,1.347059 41.526494,1.344422 41.523708,1.340912 41.522836,1.334239 41.526045,1.334239 41.526045,1.332802 41.519221,1.331294 41.51845,1.325959 41.520936,1.325511 41.521039,1.323925 41.521995,1.323662 41.522205,1.323428 41.522317,1.32304 41.52237,1.3208 41.523363,1.320349 41.523649,1.319593 41.524147,1.319506 41.52426,1.319368 41.524351,1.319163 41.524423,1.318617 41.524648,1.318014 41.525001,1.316183 41.526161,1.315716 41.52627,1.315522 41.526331,1.315404 41.52642,1.314955 41.526949,1.317953 41.529932,1.325182 41.543628,1.331796 41.541056,1.33188 41.540988,1.332022 41.540484,1.332276 41.539853,1.332792 41.539285,1.333649 41.538821,1.334261 41.538631,1.33509 41.538207,1.335514 41.538153,1.336332 41.538165,1.337226 41.538297,1.337931 41.538605,1.340094 41.538656,1.341656 41.538825,1.343018 41.538916,1.343755 41.539006,1.344436 41.539195,1.345014 41.539283,1.345848 41.539241,1.345761 41.538996,1.345635 41.538756,1.34543 41.538515,1.34525 41.53809,1.344858 41.53777,1.344294 41.537399,1.343975 41.537039,1.343565 41.536362,1.34274 41.535802,1.3431 41.53553,1.343387 41.535369,1.344101 41.535113,1.344574 41.53502,1.345614 41.534946,1.347054 41.535108,1.347896 41.535203,1.351208 41.535672,1.352457 41.535936,1.35461 41.53609,1.357338 41.536156,1.360044 41.536373,1.360985 41.536605,1.362738 41.537444,1.36331 41.537849,1.366017 41.542685))",001,43139701001,01,431397
"POLYGON ((0.512675 40.815295,0.512464 40.814862,0.511196 40.815129,0.510564 40.815386,0.509286 40.815791,0.508123 40.816268,0.508134 40.816286,0.508969 40.817695,0.508973 40.817707,0.510141 40.821372,0.510668 40.821229,0.512002 40.820243,0.513665 40.819961,0.51375 40.817985,0.513705 40.817554,0.513699 40.817511,0.513684 40.81744,0.513671 40.817388,0.513615 40.817244,0.513607 40.817227,0.513573 40.817145,0.513462 40.816912,0.513371 40.816727,0.513332 40.816651,0.512873 40.815702,0.512675 40.815295))",008,43155404008,04,431554
"POLYGON ((2.966159 42.2694,2.965722 42.269294,2.965907 42.268886,2.965714 42.268727,2.965134 42.268024,2.965198 42.267753,2.964569 42.267575,2.964569 42.267445,2.964218 42.267363,2.963886 42.267256,2.963224 42.267048,2.962558 42.268284,2.962859 42.268558,2.963077 42.268782,2.963627 42.269441,2.964094 42.269953,2.965091 42.271014,2.965357 42.270829,2.965745 42.27057,2.965876 42.270409,2.965989 42.270034,2.966034 42.269861,2.966159 42.2694))",005,17066902005,02,170669
"POLYGON ((0.866067 41.207573,0.856748 41.208925,0.840986 41.212125,0.840854 41.212961,0.840772 41.213646,0.840739 41.214524,0.840739 41.214524,0.840749 41.214571,0.840793 41.214794,0.840675 41.215219,0.840347 41.215631,0.840034 41.216242,0.839734 41.217075,0.83948 41.217813,0.839221 41.218058,0.838942 41.218246,0.838519 41.21838,0.83734 41.218595,0.835691 41.219102,0.835414 41.219223,0.835221 41.219362,0.835047 41.219564,0.835095 41.220023,0.835065 41.220308,0.83489 41.220526,0.834676 41.220664,0.834187 41.220908,0.833712 41.221341,0.833531 41.221733,0.833275 41.222211,0.832739 41.222596,0.831672 41.223193,0.830833 41.223888,0.830201 41.224633,0.830004 41.224667,0.82828 41.223511,0.827556 41.223254,0.82712 41.223163,0.826975 41.223133,0.826975 41.223133,0.826896 41.223125,0.826187 41.223052,0.825515 41.223039,0.824672 41.223106,0.824304 41.223196,0.819156 41.227542,0.817982 41.22886,0.817429 41.229742,0.817325 41.230357,0.817286 41.230894,0.817342 41.231751,0.817415 41.232667,0.817558 41.232781,0.817558 41.232781,0.818058 41.232869,0.818724 41.232973,0.81887 41.232995,0.819306 41.233114,0.819718 41.233312,0.819912 41.233466,0.820106 41.23362,0.820139 41.233703,0.820241 41.233954,0.820142 41.234411,0.820036 41.235097,0.820109 41.235588,0.820121 41.235668,0.820121 41.235668,0.82038 41.236068,0.820892 41.23641,0.820892 41.23641,0.821632 41.236819,0.822016 41.237253,0.822458 41.238447,0.822583 41.238734,0.822652 41.238894,0.822744 41.239275,0.822829 41.239877,0.822918 41.24048,0.822931 41.240575,0.822932 41.240575,0.822942 41.240892,0.822843 41.241348,0.822843 41.241348,0.8227 41.241551,0.822378 41.241798,0.821845 41.242096,0.821412 41.242199,0.82104 41.242366,0.820707 41.24262,0.820373 41.243223,0.820196 41.243828,0.82017 41.244296,0.820069 41.245108,0.820069 41.245109,0.820079 41.245457,0.820138 41.245758,0.82015 41.245822,0.820251 41.246021,0.820396 41.246309,0.820438 41.246444,0.820453 41.246491,0.820453 41.246491,0.820324 41.2469,0.820102 41.247448,0.820072 41.247917,0.82721 41.250505,0.840764 41.245703,0.851179 41.248651,0.851394 41.253088,0.856284 41.252219,0.864065 41.248032,0.867777 41.240771,0.8683 41.239458,0.869127 41.235739,0.869127 41.235739,0.863977 41.232518,0.863212 41.229111,0.86165 41.223278,0.864902 41.21363,0.866067 41.207573))",001,43112901001,01,431129
"POLYGON ((2.163395 41.375009,2.163114 41.37427,2.162808 41.373454,2.162738 41.373275,2.161945 41.373609,2.161683 41.373726,2.161015 41.37387,2.161285 41.374614,2.161636 41.375011,2.162144 41.37501,2.163085 41.375005,2.163395 41.375009))",010,08019303010,03,080193
"POLYGON ((1.100218 41.15196,1.097968 41.151188,1.097915 41.151464,1.097748 41.152125,1.097516 41.153084,1.097258 41.154183,1.099447 41.154524,1.100542 41.154643,1.101065 41.154724,1.101895 41.154853,1.101892 41.153896,1.102409 41.153036,1.102602 41.15271,1.100243 41.151968,1.100218 41.15196))",007,43123302007,02,431233
"POLYGON ((0.480247 40.544856,0.48048 40.544583,0.480529 40.544525,0.480761 40.544212,0.480789 40.544119,0.480788 40.544064,0.480784 40.543923,0.480768 40.543389,0.480737 40.543359,0.480721 40.543323,0.48071 40.543287,0.480709 40.543248,0.480713 40.54321,0.48074 40.543168,0.480777 40.543127,0.480953 40.543019,0.481019 40.542821,0.481091 40.542601,0.481108 40.542544,0.481182 40.542286,0.480669 40.54226,0.480258 40.542166,0.479958 40.54209,0.479457 40.541939,0.479163 40.541853,0.478488 40.541617,0.47761 40.54131,0.476909 40.541082,0.476404 40.540918,0.475552 40.540641,0.475028 40.540469,0.474023 40.540163,0.468957 40.53853,0.467569 40.538078,0.4673 40.537993,0.466466 40.537732,0.465698 40.537472,0.465441 40.537337,0.465324 40.537199,0.465137 40.536652,0.463807 40.536909,0.463807 40.536909,0.463581 40.536927,0.463581 40.536927,0.463144 40.536975,0.462706 40.537046,0.462496 40.537052,0.462284 40.537082,0.461663 40.53724,0.461282 40.537392,0.460915 40.537567,0.459995 40.538085,0.459825 40.538231,0.459761 40.538321,0.459592 40.53842,0.459438 40.538543,0.458306 40.539091,0.458137 40.53919,0.457924 40.539265,0.457683 40.539295,0.457455 40.53937,0.457017 40.53944,0.456678 40.539685,0.456567 40.539831,0.456501 40.540002,0.45639 40.540159,0.45625 40.540282,0.455897 40.540504,0.455713 40.540591,0.455242 40.540741,0.454663 40.54098,0.45459 40.540991,0.455056 40.540968,0.455374 40.540882,0.455659 40.540889,0.456379 40.540998,0.456708 40.541063,0.457001 40.541153,0.457261 40.541259,0.458121 40.542058,0.458517 40.542344,0.458966 40.542594,0.459607 40.542879,0.460005 40.543098,0.46022 40.543228,0.460917 40.543653,0.461069 40.543748,0.461958 40.544019,0.462625 40.544218,0.463656 40.544373,0.465873 40.544711,0.467386 40.544929,0.46791 40.545007,0.468341 40.545043,0.46857 40.545003,0.468585 40.545,0.468687 40.545023,0.468782 40.545043,0.469153 40.545152,0.469331 40.545222,0.471099 40.545056,0.471099 40.545066,0.471362 40.545043,0.47189 40.544959,0.472215 40.544966,0.47221 40.544923,0.472812 40.544869,0.473271 40.544811,0.473612 40.54481,0.473761 40.544816,0.473764 40.544845,0.473927 40.544857,0.474275 40.544949,0.4752 40.544951,0.476019 40.544919,0.476738 40.544847,0.476691 40.544501,0.478596 40.544695,0.479131 40.54475,0.479366 40.544773,0.479596 40.544794,0.480247 40.544856))",002,43004301002,01,430043
"POLYGON ((0.826201 42.605154,0.826201 42.605154,0.826108 42.60496,0.826101 42.60493,0.826065 42.604777,0.826029 42.604419,0.826017 42.604044,0.825998 42.603629,0.825999 42.603367,0.825999 42.603367,0.826044 42.602764,0.826044 42.602764,0.826036 42.602544,0.826036 42.602544,0.826003 42.602294,0.825971 42.602162,0.825815 42.601534,0.825668 42.601013,0.825561 42.600761,0.8254 42.600441,0.825291 42.600225,0.825272 42.600162,0.825195 42.599913,0.825152 42.599723,0.825142 42.599528,0.825142 42.599527,0.825147 42.599387,0.825163 42.599162,0.825163 42.599162,0.825213 42.598931,0.825259 42.59878,0.825333 42.598543,0.825521 42.59812,0.825832 42.597266,0.825955 42.597025,0.826198 42.59645,0.826246 42.596268,0.826261 42.596055,0.826253 42.595817,0.826221 42.595697,0.82611 42.595274,0.82602 42.594929,0.82601 42.594733,0.826052 42.594009,0.826047 42.593984,0.826024 42.593868,0.826024 42.593868,0.825968 42.59383,0.825894 42.593817,0.825762 42.59382,0.825414 42.593862,0.824435 42.594008,0.823531 42.594156,0.822286 42.594376,0.821281 42.59457,0.820684 42.594663,0.820245 42.594703,0.820039 42.594699,0.818863 42.59461,0.818863 42.59461,0.81878 42.594602,0.818065 42.594534,0.817006 42.594404,0.815057 42.594232,0.814036 42.594164,0.813311 42.594138,0.812562 42.594137,0.811787 42.594127,0.811787 42.594127,0.811752 42.594125,0.811002 42.594085,0.810608 42.594009,0.810487 42.593985,0.810046 42.593807,0.809716 42.593564,0.809605 42.593374,0.809417 42.592946,0.809228 42.59253,0.808756 42.591533,0.808548 42.591192,0.808225 42.591261,0.807886 42.591292,0.807414 42.591352,0.806722 42.591338,0.805983 42.591187,0.804893 42.590928,0.803782 42.590795,0.803057 42.590756,0.802437 42.590606,0.802042 42.590299,0.801575 42.58964,0.801291 42.58924,0.801027 42.588867,0.800154 42.58783,0.800059 42.587561,0.800059 42.587561,0.800056 42.587536,0.800034 42.587303,0.800194 42.586602,0.800516 42.585727,0.800526 42.585465,0.800449 42.585251,0.799931 42.584579,0.799597 42.583985,0.799229 42.583217,0.79874 42.582369,0.798126 42.581607,0.798126 42.581607,0.797378 42.58123,0.796861 42.581045,0.796391 42.580961,0.795976 42.58085,0.795838 42.580813,0.795657 42.580684,0.795459 42.580544,0.795182 42.580153,0.794686 42.579454,0.794083 42.578805,0.793341 42.578069,0.793188 42.577771,0.793119 42.577598,0.793097 42.577543,0.793097 42.577543,0.793008 42.576704,0.793008 42.576704,0.793147 42.576131,0.793373 42.575461,0.793594 42.57494,0.793992 42.574211,0.795245 42.572698,0.796221 42.571379,0.797471 42.570307,0.798605 42.569432,0.798776 42.567923,0.798906 42.567126,0.798882 42.566363,0.798736 42.56571,0.798567 42.565473,0.798434 42.565286,0.798434 42.565286,0.797348 42.565402,0.796752 42.56541,0.796131 42.565298,0.795566 42.565156,0.794932 42.564931,0.794212 42.564742,0.792393 42.56458,0.792146 42.564476,0.792146 42.564476,0.791698 42.564132,0.791356 42.563775,0.791343 42.563723,0.791282 42.563486,0.791233 42.563216,0.791225 42.563173,0.791225 42.563173,0.791225 42.56271,0.791225 42.56271,0.791239 42.562311,0.79135 42.562025,0.791828 42.561422,0.792216 42.560955,0.79247 42.56046,0.792454 42.55996,0.792311 42.559695,0.792188 42.559355,0.792101 42.558953,0.792162 42.558167,0.792185 42.55753,0.792128 42.557217,0.791951 42.556976,0.791263 42.55635,0.79125 42.555759,0.791404 42.555237,0.791675 42.55473,0.79203 42.55425,0.792256 42.553604,0.792701 42.552476,0.793148 42.551772,0.793528 42.551067,0.793894 42.550262,0.794012 42.549789,0.794012 42.549789,0.794032 42.549215,0.794032 42.549215,0.793964 42.548739,0.793891 42.548437,0.793715 42.548134,0.792916 42.547819,0.791403 42.547602,0.789787 42.547446,0.789786 42.547446,0.789669 42.547433,0.788777 42.547339,0.787232 42.54697,0.786587 42.546815,0.786445 42.546769,0.786102 42.546656,0.78532 42.546316,0.78532 42.546316,0.785238 42.54626,0.784661 42.545866,0.784414 42.545747,0.784013 42.545554,0.782612 42.545039,0.78107 42.544529,0.780566 42.544387,0.779907 42.544399,0.778842 42.544577,0.778515 42.544585,0.778129 42.544515,0.777029 42.544081,0.776511 42.543946,0.77593 42.543842,0.775805 42.54382,0.775506 42.543679,0.775307 42.543585,0.775307 42.543585,0.775258 42.543553,0.774977 42.543366,0.7748 42.543107,0.774705 42.542455,0.774483 42.541576,0.774346 42.541148,0.773803 42.540263,0.773499 42.539857,0.773062 42.539274,0.772229 42.538349,0.771047 42.537035,0.76954 42.535706,0.769126 42.535328,0.768771 42.535004,0.76798 42.534451,0.76798 42.534451,0.767109 42.53385,0.766541 42.533433,0.766541 42.533433,0.766351 42.533298,0.766055 42.53308,0.765675 42.532841,0.764915 42.532386,0.764915 42.532386,0.765477 42.532253,0.765973 42.532075,0.76642 42.531859,0.766748 42.531653,0.767251 42.531263,0.767951 42.53058,0.768461 42.530034,0.768801 42.529715,0.769096 42.529496,0.769441 42.529284,0.769441 42.529284,0.768736 42.528708,0.768683 42.528651,0.768549 42.528504,0.768404 42.52832,0.768315 42.528206,0.768125 42.527846,0.767988 42.527425,0.767855 42.526922,0.767817 42.526778,0.767799 42.526709,0.767735 42.526455,0.767564 42.52542,0.767534 42.525239,0.767492 42.525038,0.767303 42.524122,0.767112 42.523556,0.76691 42.523065,0.766694 42.522723,0.766694 42.522723,0.766517 42.522562,0.765803 42.522227,0.765163 42.521773,0.765254 42.521202,0.765254 42.521202,0.765512 42.520211,0.765649 42.519321,0.76565 42.518966,0.765565 42.518721,0.765565 42.518721,0.765235 42.518446,0.764652 42.518036,0.764004 42.517504,0.762768 42.516453,0.762296 42.515915,0.761885 42.515292,0.761726 42.514829,0.761552 42.514115,0.761276 42.513659,0.760713 42.513011,0.760403 42.512507,0.760172 42.512095,0.760109 42.511929,0.759969 42.511562,0.759768 42.510618,0.7596 42.510121,0.759535 42.509929,0.759344 42.50938,0.75912 42.509115,0.758783 42.508719,0.758111 42.508185,0.758033 42.507933,0.758007 42.507847,0.758007 42.507846,0.758007 42.507827,0.75801 42.507008,0.757992 42.506315,0.758002 42.505898,0.758002 42.505898,0.757921 42.50589,0.757328 42.505826,0.757036 42.505804,0.756733 42.505787,0.756207 42.505782,0.756207 42.505782,0.755629 42.50579,0.755289 42.505796,0.754996 42.505812,0.754758 42.505819,0.754758 42.505819,0.754433 42.505826,0.754272 42.505823,0.754272 42.505823,0.754258 42.505822,0.754039 42.505807,0.753852 42.505812,0.753583 42.505805,0.753583 42.505805,0.75251 42.505784,0.752382 42.505768,0.752139 42.505744,0.751881 42.505758,0.751712 42.505793,0.751712 42.505793,0.751506 42.505798,0.751506 42.505798,0.751074 42.505756,0.751074 42.505756,0.750844 42.505752,0.750785 42.505738,0.750578 42.50569,0.750329 42.505685,0.750233 42.505697,0.749925 42.505748,0.749618 42.505756,0.74933 42.505779,0.749038 42.505887,0.748808 42.505896,0.748542 42.505848,0.748313 42.505801,0.748122 42.505798,0.747853 42.505821,0.74766 42.505845,0.747445 42.505969,0.747195 42.506006,0.746963 42.506058,0.746788 42.506126,0.746612 42.506222,0.746455 42.506332,0.746279 42.506428,0.746102 42.506538,0.74587 42.506604,0.745085 42.506589,0.744956 42.506542,0.744845 42.506501,0.74439 42.50617,0.744097 42.505831,0.743897 42.505601,0.743516 42.505121,0.743285 42.504829,0.742945 42.504387,0.742566 42.503837,0.742339 42.503528,0.742206 42.503349,0.742018 42.503112,0.741906 42.50297,0.741436 42.502325,0.740905 42.501631,0.740563 42.501252,0.740069 42.500699,0.739857 42.50047,0.739584 42.50014,0.73949 42.500019,0.739414 42.499883,0.73936 42.499702,0.73935 42.499569,0.739411 42.499449,0.739568 42.499263,0.739679 42.499157,0.739841 42.499062,0.740374 42.498822,0.741408 42.49851,0.741655 42.498371,0.741924 42.498108,0.742132 42.497804,0.742223 42.497558,0.741127 42.495534,0.74371 42.495559,0.744066 42.495421,0.744219 42.495214,0.744524 42.494434,0.745076 42.493493,0.745475 42.493057,0.745799 42.492896,0.747173 42.492502,0.748255 42.492406,0.748903 42.492141,0.749226 42.491796,0.749668 42.490821,0.749729 42.490558,0.749729 42.490558,0.749819 42.490111,0.74989 42.489114,0.74989 42.489114,0.750041 42.488404,0.75027 42.487819,0.75073 42.487233,0.750975 42.486855,0.751143 42.486476,0.751508 42.485467,0.751583 42.485043,0.751596 42.484517,0.751686 42.48407,0.751685 42.483852,0.751233 42.483293,0.750643 42.482802,0.750217 42.482531,0.749696 42.482199,0.749489 42.481979,0.749416 42.481902,0.749315 42.481743,0.749213 42.481582,0.749213 42.481582,0.749163 42.480998,0.74933 42.480322,0.749774 42.479489,0.74977 42.478984,0.749508 42.478675,0.749508 42.478675,0.74891 42.478208,0.74891 42.478208,0.745959 42.473597,0.745959 42.473597,0.745384 42.47311,0.745384 42.47311,0.743642 42.471768,0.74263 42.471078,0.741617 42.470396,0.741598 42.470383,0.741151 42.470149,0.740482 42.469798,0.737224 42.464567,0.735563 42.462473,0.732901 42.459117,0.731843 42.457422,0.731843 42.457422,0.731069 42.459187,0.731069 42.459187,0.730796 42.458801,0.730432 42.458425,0.729784 42.457926,0.728848 42.457446,0.728473 42.457284,0.727855 42.457118,0.727336 42.457082,0.726521 42.457104,0.726055 42.457031,0.725679 42.456895,0.725679 42.456895,0.72546 42.456711,0.72531 42.456566,0.725278 42.456489,0.725214 42.456333,0.725081 42.456177,0.724896 42.456032,0.7244 42.455842,0.723611 42.455595,0.722655 42.455204,0.722094 42.45491,0.720947 42.454617,0.720947 42.454617,0.720827 42.454602,0.720098 42.454511,0.718992 42.454425,0.717416 42.454368,0.715614 42.454371,0.715614 42.454371,0.712593 42.454352,0.710051 42.451525,0.710051 42.451524,0.708087 42.449882,0.706557 42.449475,0.706557 42.449475,0.706536 42.449545,0.706536 42.449546,0.706538 42.449556,0.706547 42.449613,0.70661 42.44971,0.706844 42.449999,0.706988 42.450225,0.707031 42.450298,0.707124 42.450454,0.707263 42.450734,0.707399 42.451013,0.707796 42.451655,0.707886 42.451873,0.707895 42.451916,0.707935 42.452096,0.707953 42.452261,0.707945 42.452509,0.707945 42.452509,0.707921 42.452632,0.707921 42.452632,0.70788 42.452752,0.707627 42.453311,0.707342 42.45386,0.707142 42.454207,0.706987 42.454479,0.706943 42.454555,0.706838 42.454781,0.70677 42.455013,0.706749 42.455208,0.706762 42.455503,0.706804 42.455798,0.706853 42.456055,0.706941 42.456308,0.707013 42.456444,0.707145 42.456636,0.707312 42.456811,0.707802 42.457249,0.708572 42.457816,0.708702 42.45792,0.708704 42.457921,0.708704 42.457921,0.708738 42.457954,0.708879 42.458092,0.709026 42.458287,0.709035 42.458307,0.70906 42.458357,0.709084 42.458463,0.709091 42.45857,0.709079 42.458713,0.709027 42.458928,0.709009 42.459035,0.70901 42.459142,0.708602 42.460012,0.70677 42.464652,0.705073 42.464837,0.697359 42.473207,0.695206 42.476561,0.691633 42.484309,0.691071 42.486996,0.691071 42.486997,0.693723 42.486459,0.695475 42.485925,0.698528 42.485475,0.698528 42.485475,0.699798 42.488422,0.700482 42.490008,0.700482 42.490008,0.699177 42.495173,0.699177 42.495173,0.700499 42.495748,0.704484 42.494743,0.705652 42.49313,0.708292 42.491941,0.709386 42.489433,0.713735 42.487575,0.713735 42.487575,0.720573 42.492833,0.727479 42.498141,0.728651 42.497656,0.729899 42.49757,0.7299 42.49757,0.730899 42.500148,0.731182 42.501153,0.731482 42.502055,0.731808 42.50281,0.732584 42.504175,0.732781 42.504311,0.73307 42.5044,0.733688 42.504431,0.734506 42.504415,0.735964 42.504285,0.735964 42.504285,0.736663 42.504229,0.737042 42.504211,0.737333 42.504234,0.737359 42.504236,0.737359 42.504236,0.737503 42.504334,0.73767 42.504446,0.738097 42.504637,0.738402 42.504731,0.738817 42.504804,0.739197 42.504821,0.73921 42.504822,0.739211 42.504822,0.73895 42.505514,0.73885 42.505738,0.738716 42.505949,0.73843 42.506382,0.738242 42.506723,0.738076 42.507008,0.737851 42.507367,0.737758 42.507487,0.737657 42.5076,0.737524 42.507703,0.737351 42.507851,0.737141 42.507999,0.736969 42.50812,0.736759 42.50824,0.736533 42.508318,0.736326 42.508369,0.736081 42.508447,0.735798 42.508524,0.735554 42.508575,0.735328 42.508639,0.735084 42.508703,0.734895 42.508769,0.734707 42.508806,0.734425 42.50887,0.734217 42.508948,0.73399 42.509041,0.733604 42.509433,0.733395 42.509539,0.733223 42.509646,0.733032 42.509767,0.73286 42.509887,0.732687 42.510022,0.732498 42.510115,0.732234 42.510178,0.732026 42.510257,0.731837 42.510336,0.731628 42.510442,0.731512 42.510578,0.731394 42.510727,0.731295 42.510905,0.731196 42.511055,0.731079 42.511204,0.730943 42.511339,0.73079 42.51146,0.730618 42.511567,0.730391 42.511673,0.7302 42.511794,0.730065 42.511929,0.729911 42.512064,0.729739 42.512171,0.729532 42.512236,0.729442 42.512304,0.729273 42.512395,0.729179 42.512462,0.729028 42.512581,0.728857 42.512714,0.728413 42.512897,0.727969 42.513017,0.727969 42.513017,0.727749 42.513033,0.724634 42.512707,0.724324 42.512687,0.724324 42.512687,0.723957 42.512714,0.72348 42.512765,0.722211 42.51297,0.721606 42.513012,0.721194 42.513018,0.72029 42.512875,0.720301 42.51307,0.720166 42.513504,0.720128 42.513644,0.720164 42.513898,0.720162 42.514072,0.720193 42.514225,0.720266 42.51437,0.720373 42.514476,0.720402 42.514504,0.720402 42.514504,0.720527 42.514587,0.720527 42.514588,0.720692 42.514688,0.720692 42.514688,0.720837 42.514815,0.720953 42.514928,0.720982 42.514957,0.721158 42.515265,0.721246 42.515419,0.72129 42.515517,0.721315 42.515573,0.721422 42.515714,0.721547 42.515869,0.72171 42.516024,0.721816 42.516193,0.721864 42.516276,0.721905 42.516347,0.721955 42.5165,0.72196 42.516528,0.721986 42.516681,0.72203 42.516779,0.722055 42.516835,0.722095 42.516905,0.722143 42.516989,0.722269 42.51713,0.722433 42.517258,0.722688 42.517457,0.722688 42.517457,0.722825 42.517595,0.723006 42.51773,0.723014 42.517736,0.723014 42.517736,0.723146 42.517837,0.723287 42.517967,0.723394 42.518122,0.723495 42.518443,0.723545 42.51861,0.723613 42.518791,0.723675 42.519139,0.723675 42.519139,0.723687 42.519333,0.723687 42.519333,0.723674 42.519693,0.723674 42.519693,0.723684 42.519915,0.723684 42.519915,0.723696 42.520109,0.723723 42.520252,0.723728 42.520276,0.723732 42.520303,0.723758 42.520457,0.723771 42.520637,0.723765 42.520803,0.723702 42.520968,0.723466 42.521296,0.72333 42.521418,0.722922 42.521839,0.722687 42.522112,0.722514 42.522233,0.722379 42.522355,0.722225 42.522476,0.722069 42.522626,0.721933 42.522775,0.721796 42.522939,0.721678 42.523103,0.721597 42.523254,0.721516 42.523418,0.721417 42.523583,0.721318 42.523733,0.721162 42.52391,0.721062 42.52406,0.721 42.524225,0.720975 42.524405,0.720969 42.524585,0.720995 42.524728,0.721 42.524752,0.72101 42.524785,0.72105 42.524919,0.721157 42.52506,0.721245 42.525228,0.721369 42.52541,0.721475 42.525592,0.721542 42.52568,0.721582 42.525733,0.72167 42.525887,0.721777 42.526028,0.721885 42.526169,0.721972 42.526337,0.722041 42.52649,0.722192 42.526596,0.72221 42.526608,0.72221 42.526608,0.722249 42.526652,0.722339 42.526753,0.722508 42.52687,0.722696 42.526987,0.722845 42.527104,0.722993 42.527263,0.723122 42.527393,0.723231 42.527566,0.72332 42.527752,0.723461 42.528095,0.723473 42.528138,0.723512 42.528281,0.723602 42.528453,0.723692 42.528597,0.723802 42.528741,0.723932 42.528871,0.724002 42.529057,0.724055 42.529328,0.724067 42.529385,0.724054 42.52974,0.724047 42.529924,0.724047 42.529924,0.72406 42.530095,0.72419 42.530225,0.724377 42.530343,0.724565 42.530446,0.724753 42.530563,0.724921 42.530681,0.72494 42.530694,0.72494 42.530694,0.725069 42.530839,0.725179 42.530983,0.725192 42.531154,0.725246 42.531439,0.725256 42.531496,0.725267 42.531529,0.725308 42.531653,0.725372 42.531774,0.725398 42.531825,0.725468 42.532011,0.725539 42.532169,0.725567 42.532218,0.725629 42.532326,0.725708 42.532381,0.725798 42.532443,0.725882 42.532509,0.725966 42.532574,0.726095 42.532705,0.726185 42.532877,0.726235 42.533077,0.726222 42.533446,0.726215 42.53363,0.726247 42.533815,0.726318 42.533973,0.726447 42.534117,0.726484 42.534162,0.726557 42.534249,0.726587 42.534277,0.726593 42.534283,0.726594 42.534283,0.726726 42.534364,0.726894 42.534481,0.727043 42.534597,0.727043 42.534597,0.727043 42.534598,0.727173 42.534742,0.727302 42.534872,0.727431 42.535031,0.727541 42.535175,0.727646 42.535253,0.727646 42.535253,0.727846 42.535319,0.728082 42.535354,0.728206 42.535421,0.728386 42.535518,0.728617 42.535699,0.728798 42.535966,0.728931 42.536145,0.729025 42.53627,0.729025 42.53627,0.729397 42.536488,0.729397 42.536488,0.729519 42.536705,0.729688 42.536808,0.729725 42.536831,0.729876 42.536925,0.729964 42.537002,0.730043 42.53707,0.730133 42.537171,0.730172 42.537215,0.730263 42.537359,0.730263 42.537359,0.730835 42.537518,0.73125 42.537806,0.731499 42.53818,0.731847 42.538464,0.732214 42.538522,0.732282 42.538532,0.732429 42.538573,0.732705 42.53865,0.732889 42.538693,0.732962 42.53871,0.733203 42.538729,0.733444 42.538747,0.73374 42.538753,0.734315 42.538765,0.734629 42.538812,0.734905 42.538886,0.735014 42.538926,0.735106 42.538959,0.735289 42.539045,0.73549 42.539131,0.735603 42.539185,0.735672 42.539217,0.735745 42.539238,0.735874 42.539276,0.736133 42.539308,0.736375 42.539286,0.736525 42.53922,0.73683 42.53902,0.737111 42.538914,0.737346 42.538614,0.737471 42.538271,0.737644 42.538135,0.737835 42.538042,0.738025 42.537963,0.738197 42.537869,0.738405 42.53779,0.738787 42.537604,0.738995 42.537539,0.739221 42.537488,0.739429 42.53745,0.739636 42.537413,0.740073 42.537242,0.740262 42.53719,0.74049 42.537084,0.740681 42.53699,0.740889 42.536925,0.741097 42.536874,0.741553 42.536703,0.74178 42.53661,0.742234 42.536481,0.742443 42.536402,0.742634 42.536295,0.742826 42.536174,0.743307 42.535796,0.74348 42.535674,0.743671 42.535581,0.743879 42.535516,0.744106 42.535465,0.744313 42.535428,0.74453 42.535227,0.744843 42.535063,0.745095 42.534997,0.745534 42.53493,0.748295 42.534887,0.748295 42.534887,0.749241 42.534606,0.749705 42.534527,0.75003 42.534575,0.750144 42.534623,0.750276 42.534679,0.750445 42.534885,0.750427 42.535091,0.75024 42.535285,0.749525 42.535728,0.748865 42.536233,0.747559 42.537767,0.747198 42.538394,0.746714 42.53893,0.74514 42.540296,0.744065 42.541114,0.743691 42.541479,0.742476 42.542503,0.742037 42.54313,0.741725 42.543483,0.741568 42.543792,0.741393 42.54434,0.741254 42.545028,0.741195 42.545456,0.741195 42.545456,0.741635 42.545637,0.741938 42.545815,0.741938 42.545815,0.742089 42.545948,0.742176 42.546221,0.74215 42.546393,0.742007 42.546591,0.742001 42.546777,0.742084 42.546948,0.742155 42.547066,0.742221 42.547175,0.742267 42.547442,0.742312 42.547508,0.742396 42.54763,0.74263 42.548137,0.742781 42.54824,0.742957 42.548257,0.742974 42.548258,0.742974 42.548258,0.743402 42.548238,0.743867 42.548219,0.74433 42.548285,0.744558 42.548419,0.744705 42.548651,0.744758 42.548795,0.744728 42.549067,0.744645 42.549237,0.744672 42.549367,0.744678 42.549396,0.744924 42.549558,0.745439 42.549798,0.745669 42.549874,0.745766 42.549876,0.746098 42.549782,0.746333 42.549715,0.746567 42.549691,0.74676 42.549709,0.746952 42.54977,0.747045 42.549858,0.747045 42.549858,0.747101 42.549944,0.74716 42.550034,0.747148 42.550363,0.747244 42.550515,0.74735 42.550622,0.747381 42.550652,0.747381 42.550652,0.747518 42.550775,0.747588 42.550857,0.747634 42.550912,0.747704 42.551003,0.74775 42.551064,0.747846 42.55123,0.747941 42.551382,0.748037 42.551533,0.748122 42.551655,0.748191 42.551754,0.748191 42.551754,0.748332 42.551819,0.748621 42.551853,0.74872 42.551867,0.748813 42.551893,0.74888 42.551935,0.748996 42.552037,0.749127 42.552153,0.749243 42.552305,0.749289 42.552396,0.749319 42.552456,0.74933 42.552492,0.749373 42.552637,0.749406 42.552832,0.749421 42.552997,0.749461 42.553117,0.749476 42.553163,0.749571 42.553314,0.749585 42.553494,0.749579 42.553659,0.749553 42.553823,0.749534 42.554361,0.749534 42.554361,0.749466 42.554554,0.749273 42.554865,0.749127 42.554982,0.748921 42.555082,0.748736 42.555168,0.748551 42.555255,0.748424 42.555387,0.748378 42.555551,0.748347 42.556418,0.748347 42.556418,0.748294 42.556761,0.748308 42.556926,0.748282 42.55709,0.748292 42.557143,0.748294 42.557154,0.748299 42.55717,0.748313 42.557219,0.748337 42.557256,0.748383 42.557288,0.748388 42.557291,0.748388 42.557291,0.748442 42.557318,0.748535 42.557364,0.748577 42.557405,0.74863 42.557484,0.748651 42.557531,0.748685 42.557696,0.748761 42.557848,0.748834 42.557905,0.748834 42.557905,0.748919 42.557955,0.749042 42.557998,0.749139 42.55802,0.749361 42.558039,0.749429 42.558061,0.749539 42.558162,0.749654 42.558329,0.749689 42.558494,0.749703 42.558659,0.749663 42.559773,0.749738 42.559925,0.749874 42.560107,0.749962 42.560176,0.750051 42.560245,0.75017 42.560321,0.750268 42.560384,0.750465 42.560552,0.75066 42.560751,0.750835 42.560949,0.751054 42.561058,0.75137 42.561273,0.751625 42.561473,0.751625 42.561473,0.75181 42.561646,0.75181 42.561646,0.751947 42.561815,0.752033 42.561944,0.752218 42.562328,0.752474 42.562705,0.752641 42.562958,0.752729 42.563091,0.753194 42.563506,0.753679 42.563671,0.75381 42.563738,0.753838 42.563799,0.753848 42.563821,0.753841 42.564016,0.753874 42.564241,0.753928 42.564345,0.753988 42.564423,0.754146 42.564545,0.754481 42.564806,0.754617 42.564959,0.754711 42.56514,0.7548 42.565486,0.754753 42.565665,0.754753 42.565729,0.754787 42.565845,0.754802 42.565995,0.754888 42.566416,0.755046 42.566538,0.755285 42.566637,0.755504 42.566727,0.755905 42.566854,0.756024 42.566909,0.756094 42.56694,0.756187 42.567013,0.756281 42.567086,0.75644 42.567246,0.756486 42.567292,0.756563 42.567391,0.75663 42.567505,0.756814 42.567733,0.756949 42.56793,0.756993 42.568103,0.75704 42.568209,0.757107 42.568307,0.757171 42.568357,0.757235 42.568407,0.757574 42.568833,0.757615 42.568893,0.757651 42.568946,0.757688 42.569014,0.757718 42.569067,0.757886 42.569445,0.757949 42.56967,0.757965 42.569783,0.757959 42.569947,0.757963 42.57012,0.757988 42.570277,0.757962 42.570434,0.75801 42.570786,0.758091 42.570991,0.758242 42.571245,0.758547 42.571665,0.758715 42.572124,0.758766 42.572261,0.758778 42.572325,0.75885 42.572692,0.758858 42.573047,0.758986 42.573375,0.758993 42.573745,0.758985 42.573952,0.758985 42.573952,0.758931 42.574365,0.75882 42.574659,0.758568 42.574979,0.758259 42.575239,0.75805 42.575487,0.757875 42.575912,0.757758 42.576383,0.757743 42.576797,0.757711 42.577137,0.757711 42.577137,0.75774 42.577433,0.757889 42.577747,0.758139 42.578033,0.758409 42.578319,0.758555 42.578504,0.758685 42.578686,0.758725 42.578759,0.758745 42.57882,0.758682 42.579015,0.75873 42.579263,0.75884 42.579532,0.758869 42.579858,0.758948 42.580096,0.758977 42.580186,0.759025 42.580527,0.759025 42.580528,0.759192 42.580901,0.7592 42.581241,0.7592 42.581242,0.759243 42.581346,0.759329 42.581555,0.759418 42.581868,0.75949 42.582091,0.759515 42.582506,0.759688 42.582856,0.759831 42.583452,0.759937 42.583804,0.760043 42.584156,0.760095 42.584433,0.760112 42.585276,0.760327 42.586786,0.760386 42.58729,0.760377 42.587511,0.760284 42.588011,0.760281 42.588175,0.760281 42.588177,0.760281 42.588177,0.760347 42.588581,0.760347 42.588581,0.760375 42.58869,0.760504 42.589183,0.760577 42.589485,0.760625 42.589787,0.760652 42.590201,0.760668 42.590824,0.760711 42.591447,0.760825 42.592181,0.760889 42.592477,0.760904 42.592545,0.761005 42.592908,0.761275 42.593678,0.76157 42.594442,0.761848 42.595277,0.761928 42.595482,0.762077 42.59578,0.76217 42.595922,0.762278 42.596059,0.76256 42.596382,0.762649 42.596484,0.762842 42.596704,0.76302 42.597049,0.763175 42.597342,0.763221 42.597399,0.763281 42.597449,0.763284 42.597451,0.763284 42.597451,0.76342 42.597551,0.76342 42.597551,0.763482 42.597624,0.763495 42.597672,0.763498 42.597886,0.763492 42.598101,0.763492 42.598101,0.763483 42.598289,0.763483 42.598289,0.763478 42.598477,0.763478 42.598477,0.76349 42.598548,0.763519 42.598617,0.763561 42.598688,0.763599 42.598751,0.763627 42.598785,0.763642 42.598803,0.763864 42.599018,0.763933 42.599099,0.76396 42.599154,0.763977 42.599189,0.763983 42.599249,0.763952 42.599364,0.763902 42.599477,0.763788 42.599677,0.763687 42.599877,0.763682 42.59996,0.76371 42.600044,0.763809 42.600213,0.76386 42.600327,0.764043 42.600491,0.764224 42.600656,0.764224 42.600656,0.764332 42.600774,0.764452 42.600971,0.764524 42.601116,0.764552 42.601174,0.764638 42.601342,0.764848 42.601756,0.764902 42.601898,0.765027 42.602181,0.765175 42.602625,0.765308 42.602769,0.765404 42.602874,0.765525 42.603053,0.765567 42.603136,0.765671 42.603339,0.765773 42.603543,0.765814 42.603625,0.76583 42.603659,0.765872 42.603753,0.765937 42.603879,0.766003 42.603952,0.766125 42.604054,0.766248 42.604157,0.766332 42.604261,0.766386 42.604328,0.766425 42.604387,0.766501 42.604502,0.766567 42.604629,0.766595 42.604682,0.766739 42.605053,0.766762 42.605127,0.766852 42.605416,0.766932 42.605716,0.76695 42.605784,0.767004 42.606034,0.767004 42.606034,0.767039 42.606285,0.76703 42.606403,0.766994 42.60652,0.766927 42.606755,0.766911 42.606963,0.766927 42.607028,0.766986 42.607098,0.766986 42.607098,0.767136 42.6072,0.767565 42.607471,0.767619 42.607526,0.767641 42.607596,0.767625 42.607753,0.767625 42.607753,0.767599 42.607848,0.767561 42.607918,0.767496 42.607987,0.76735 42.608123,0.767291 42.608216,0.767288 42.608271,0.767288 42.608271,0.767334 42.608408,0.767408 42.608545,0.767592 42.608796,0.76777 42.609051,0.767831 42.609178,0.767845 42.609216,0.767878 42.609307,0.767928 42.609566,0.767935 42.609738,0.768395 42.610285,0.768581 42.61048,0.768718 42.610625,0.768884 42.610775,0.769076 42.610948,0.769282 42.611116,0.769283 42.611116,0.769614 42.611349,0.76997 42.611564,0.770233 42.6117,0.770407 42.611777,0.770506 42.611822,0.770683 42.611877,0.770962 42.611963,0.771098 42.612029,0.771487 42.612294,0.771487 42.612294,0.771871 42.612564,0.772036 42.612691,0.772114 42.612745,0.772125 42.612752,0.772125 42.612752,0.772232 42.612805,0.772315 42.61283,0.77246 42.612842,0.772901 42.612805,0.773297 42.612818,0.773692 42.612834,0.774147 42.612864,0.774177 42.612866,0.774177 42.612866,0.774241 42.612875,0.774657 42.612931,0.774876 42.61299,0.775013 42.613049,0.775179 42.613121,0.775491 42.613246,0.775701 42.613302,0.775911 42.613332,0.775911 42.613332,0.776013 42.613327,0.776189 42.613279,0.776454 42.613172,0.776589 42.61313,0.776729 42.613114,0.776948 42.613126,0.777168 42.613135,0.778032 42.613113,0.778656 42.613272,0.779043 42.613394,0.779421 42.613534,0.779482 42.613559,0.779596 42.613607,0.779764 42.613691,0.780098 42.613861,0.780335 42.61395,0.780479 42.613983,0.78103 42.614058,0.78152 42.614115,0.781584 42.614122,0.781584 42.614122,0.781961 42.614154,0.782334 42.614194,0.782334 42.614194,0.782565 42.614258,0.783155 42.614491,0.784038 42.614882,0.784631 42.615074,0.78504 42.615207,0.785215 42.615253,0.785574 42.615347,0.786125 42.615557,0.786442 42.615647,0.786617 42.615696,0.787545 42.615783,0.788366 42.615669,0.789462 42.615568,0.790279 42.615591,0.790602 42.615506,0.791003 42.615299,0.791569 42.615104,0.792079 42.615014,0.792939 42.614969,0.793578 42.615042,0.793671 42.615052,0.793671 42.615052,0.794256 42.615186,0.795076 42.61562,0.795646 42.616111,0.79634 42.616572,0.796675 42.616951,0.796807 42.61703,0.796979 42.617133,0.797226 42.617183,0.797545 42.617213,0.798125 42.617216,0.798538 42.617239,0.798847 42.617284,0.799989 42.617609,0.801095 42.617937,0.802901 42.618384,0.804356 42.618794,0.804991 42.618975,0.805197 42.619021,0.805731 42.619142,0.806173 42.619207,0.806266 42.619221,0.806762 42.619246,0.806762 42.619246,0.807428 42.619136,0.808923 42.618851,0.809389 42.618837,0.810297 42.618931,0.810297 42.618931,0.8104 42.618945,0.810956 42.61902,0.811398 42.619095,0.811511 42.619115,0.811597 42.619137,0.81186 42.619206,0.812168 42.619265,0.812528 42.619288,0.812561 42.61929,0.812561 42.61929,0.812937 42.619295,0.812988 42.619284,0.81302 42.61927,0.813045 42.619254,0.813062 42.619237,0.813073 42.619211,0.813109 42.618755,0.813109 42.618755,0.81313 42.618623,0.813162 42.618467,0.813238 42.618171,0.813364 42.617824,0.813396 42.617684,0.813413 42.617532,0.813388 42.617138,0.813347 42.616904,0.813284 42.616574,0.813276 42.616099,0.813196 42.615792,0.812904 42.615177,0.812813 42.614943,0.812817 42.614834,0.812934 42.614775,0.813809 42.61478,0.814785 42.614701,0.815415 42.614615,0.815897 42.614527,0.816479 42.614404,0.817014 42.614219,0.818285 42.613731,0.818672 42.613519,0.819092 42.613295,0.819615 42.612963,0.820674 42.612423,0.821548 42.611964,0.821752 42.611797,0.821909 42.611556,0.821931 42.611386,0.821891 42.611263,0.821782 42.610932,0.821788 42.610749,0.821876 42.610461,0.822117 42.60984,0.822571 42.609117,0.823139 42.608445,0.823558 42.607807,0.823729 42.607615,0.824697 42.606841,0.824783 42.606733,0.824897 42.606308,0.825001 42.606151,0.825385 42.60587,0.825979 42.605394,0.826201 42.605154),(0.733664 42.482137,0.733999 42.482287,0.734252 42.4824,0.734252 42.4824,0.734359 42.482625,0.734331 42.482778,0.734331 42.482779,0.734327 42.482782,0.734207 42.482929,0.734053 42.48311,0.734049 42.483115,0.73377 42.483355,0.733495 42.48351,0.733495 42.48351,0.733178 42.483521,0.732999 42.483441,0.732898 42.483395,0.732705 42.48318,0.732505 42.482745,0.732523 42.482673,0.732536 42.482666,0.732806 42.482529,0.732963 42.482447,0.73297 42.482443,0.733251 42.482294,0.733484 42.482178,0.733613 42.482136,0.733664 42.482137,0.733664 42.482137))",001,25245801001,01,252458
"POLYGON ((2.107626 41.554629,2.107776 41.554755,2.108282 41.555178,2.10888 41.555677,2.109588 41.556269,2.109769 41.556376,2.1099 41.556205,2.110144 41.55604,2.110316 41.555917,2.110553 41.555738,2.110767 41.555565,2.109611 41.555173,2.1103 41.554193,2.108966 41.553745,2.108455 41.553602,2.107757 41.554495,2.107626 41.554629))",008,08187802008,02,081878
"POLYGON ((1.100731 41.159366,1.100379 41.159084,1.100004 41.159137,1.099685 41.159195,1.099575 41.159198,1.09938 41.159195,1.099072 41.159178,1.097929 41.158919,1.0976 41.158841,1.096926 41.158686,1.096655 41.158612,1.096199 41.158501,1.097494 41.160116,1.097574 41.160192,1.098011 41.160652,1.098234 41.160863,1.098468 41.161097,1.098954 41.161466,1.099121 41.161584,1.098279 41.162016,1.097242 41.16259,1.09677 41.162895,1.096362 41.163202,1.096199 41.163332,1.095303 41.163981,1.094344 41.164722,1.094149 41.164839,1.093809 41.165014,1.093631 41.165096,1.091905 41.165751,1.091759 41.165922,1.091719 41.166053,1.091759 41.166095,1.092044 41.166282,1.092584 41.166614,1.092868 41.166766,1.093671 41.167105,1.093991 41.167232,1.094912 41.167545,1.095303 41.167647,1.095946 41.167777,1.096638 41.167836,1.097551 41.167899,1.098433 41.167925,1.099411 41.16793,1.100027 41.167892,1.100755 41.167785,1.101737 41.167658,1.101772 41.167287,1.10185 41.166756,1.102318 41.16357,1.102416 41.163273,1.103032 41.16277,1.103944 41.161976,1.103033 41.161505,1.10264 41.161189,1.10209 41.160664,1.100731 41.159366))",008,43123306008,06,431233
"POLYGON ((2.058103 41.386164,2.058027 41.38469,2.058223 41.384534,2.058504 41.384311,2.058162 41.384236,2.057933 41.384135,2.057755 41.384016,2.056029 41.382795,2.05532 41.383563,2.055188 41.38386,2.055153 41.384325,2.054556 41.384235,2.053207 41.384139,2.051977 41.386029,2.052764 41.386135,2.053835 41.384657,2.054451 41.384715,2.054956 41.384812,2.055473 41.384976,2.055951 41.385152,2.056454 41.385387,2.056856 41.385626,2.058044 41.386469,2.058103 41.386164))",003,08211407003,07,082114
"POLYGON ((2.125601 41.542888,2.125839 41.542334,2.126405 41.541484,2.126921 41.540898,2.127402 41.540235,2.12749 41.540086,2.127572 41.54002,2.127691 41.539878,2.127931 41.539417,2.128009 41.539087,2.128016 41.538559,2.127962 41.538206,2.127912 41.538031,2.127669 41.537515,2.127453 41.537076,2.127165 41.536525,2.12695 41.53603,2.126827 41.535536,2.126677 41.535035,2.126601 41.534445,2.126554 41.533847,2.126533 41.533326,2.126501 41.533118,2.12645 41.533114,2.12435 41.53355,2.122685 41.532854,2.122465 41.533045,2.12238 41.533075,2.122345 41.533084,2.122286 41.5331,2.121715 41.533216,2.121567 41.533257,2.121474 41.533289,2.121363 41.533334,2.120829 41.533576,2.120438 41.533765,2.120348 41.533797,2.119728 41.535008,2.119692 41.535329,2.119349 41.536016,2.118951 41.536802,2.118583 41.537532,2.118232 41.538307,2.118772 41.538106,2.119023 41.537878,2.119485 41.537537,2.119925 41.537472,2.120492 41.537504,2.12093 41.537562,2.121605 41.537732,2.122245 41.537765,2.123179 41.537786,2.12441 41.538744,2.124272 41.539723,2.124004 41.540028,2.123421 41.540519,2.123287 41.540791,2.123012 41.541992,2.122913 41.542624,2.122936 41.542623,2.122964 41.542625,2.12299 41.542628,2.123011 41.54263,2.123031 41.542636,2.123056 41.542643,2.12308 41.542653,2.123095 41.542659,2.123114 41.542668,2.123158 41.542694,2.123171 41.542703,2.123183 41.542713,2.123196 41.542723,2.123215 41.542728,2.123227 41.542746,2.123243 41.542769,2.123267 41.542796,2.123282 41.542818,2.123519 41.543129,2.123662 41.543328,2.12373 41.543449,2.123762 41.543527,2.123789 41.543685,2.123787 41.543856,2.123512 41.545603,2.123458 41.545947,2.123566 41.545879,2.123934 41.545684,2.124207 41.545447,2.124479 41.545178,2.124715 41.544846,2.124978 41.544393,2.125038 41.544239,2.125266 41.543684,2.125601 41.542888))",025,08187801025,01,081878
"POLYGON ((1.939772 41.350575,1.941146 41.35026,1.942552 41.350072,1.943512 41.349876,1.944191 41.349973,1.944191 41.349973,1.944327 41.344566,1.945608 41.342176,1.945608 41.342176,1.943836 41.33716,1.944156 41.336924,1.94742 41.336256,1.950354 41.33509,1.951397 41.334844,1.958708 41.333469,1.959098 41.333373,1.959217 41.331793,1.958671 41.329559,1.958945 41.329576,1.959185 41.329477,1.95925 41.3293,1.959369 41.329189,1.959593 41.329144,1.960021 41.329192,1.960334 41.328954,1.96076 41.328863,1.961177 41.328681,1.961563 41.328586,1.961728 41.328446,1.961879 41.328219,1.962017 41.328127,1.96197 41.326958,1.961147 41.326761,1.960491 41.326335,1.959489 41.32515,1.959489 41.32515,1.958492 41.324563,1.956956 41.323918,1.955682 41.323646,1.955338 41.323573,1.955337 41.323573,1.952281 41.321684,1.945244 41.317333,1.931322 41.301903,1.929617 41.293917,1.92253 41.29169,1.916179 41.28937,1.913668 41.28839,1.910265 41.284066,1.908602 41.282485,1.908602 41.282485,1.908279 41.282591,1.905019 41.282948,1.901501 41.279819,1.901501 41.279819,1.892338 41.282366,1.88884 41.283498,1.88827 41.282958,1.887618 41.282551,1.886927 41.282508,1.885334 41.282508,1.885462 41.279705,1.885055 41.279585,1.883974 41.279265,1.883023 41.278338,1.882779 41.278101,1.878204 41.278554,1.876056 41.278953,1.876421 41.27928,1.876461 41.279309,1.876659 41.279823,1.876835 41.280101,1.876984 41.280403,1.876664 41.280346,1.87661 41.280467,1.877215 41.280964,1.876868 41.281383,1.876582 41.281348,1.876451 41.28171,1.876668 41.282081,1.877268 41.283363,1.877465 41.284734,1.87724 41.2851,1.87687 41.285211,1.876771 41.285571,1.877254 41.285717,1.877525 41.285967,1.877232 41.286265,1.877468 41.286469,1.877823 41.286573,1.877503 41.286943,1.87723 41.287073,1.877059 41.287318,1.87716 41.287409,1.877431 41.287659,1.877192 41.287836,1.876992 41.288534,1.877141 41.289264,1.876841 41.289467,1.876803 41.289802,1.87626 41.290134,1.876718 41.290352,1.877254 41.290415,1.877109 41.290965,1.877174 41.291123,1.877464 41.291262,1.877217 41.291886,1.877032 41.292085,1.876917 41.292331,1.876875 41.292655,1.876615 41.292566,1.876647 41.292645,1.876835 41.293019,1.876872 41.293329,1.877 41.293445,1.877295 41.293644,1.877749 41.293997,1.878012 41.294307,1.878161 41.294341,1.878261 41.294428,1.878354 41.294605,1.878488 41.29479,1.878498 41.295102,1.878751 41.295272,1.879455 41.295232,1.879687 41.295293,1.879924 41.295434,1.880789 41.296292,1.881051 41.296412,1.881367 41.296358,1.881704 41.296404,1.88188 41.296618,1.882063 41.296741,1.88228 41.296792,1.883054 41.296608,1.883498 41.297193,1.883768 41.297413,1.884209 41.297606,1.884795 41.297953,1.884799 41.298184,1.88462 41.298283,1.884471 41.29844,1.884429 41.298593,1.884584 41.298516,1.884648 41.298664,1.884908 41.298924,1.885232 41.299333,1.885459 41.299334,1.885646 41.299688,1.886004 41.299943,1.886028 41.300003,1.885975 41.300056,1.885943 41.300106,1.885966 41.300128,1.886122 41.300217,1.886435 41.300349,1.886557 41.300365,1.886766 41.300395,1.887135 41.30051,1.887492 41.300827,1.887746 41.301007,1.888061 41.301124,1.888284 41.301187,1.888299 41.301231,1.888207 41.301275,1.887455 41.301454,1.887609 41.301585,1.887807 41.301725,1.8879 41.301816,1.888029 41.301941,1.888227 41.302083,1.889566 41.301976,1.889681 41.302082,1.890227 41.301888,1.890407 41.30198,1.890236 41.30237,1.890206 41.302683,1.890251 41.303466,1.890413 41.303479,1.89113 41.303439,1.891883 41.303517,1.892103 41.303599,1.892145 41.303808,1.892279 41.304175,1.892529 41.304295,1.89367 41.304749,1.893828 41.304894,1.893652 41.305042,1.893402 41.305083,1.893199 41.305232,1.893225 41.305402,1.893443 41.305463,1.893556 41.305539,1.893924 41.305644,1.894088 41.305879,1.894201 41.306135,1.894158 41.306278,1.893975 41.306507,1.893964 41.306709,1.894125 41.306903,1.894543 41.307489,1.894845 41.307959,1.89497 41.308558,1.894856 41.308814,1.894816 41.308997,1.895034 41.309239,1.895294 41.3095,1.895308 41.309861,1.895637 41.309988,1.89642 41.310106,1.896535 41.310211,1.896593 41.310632,1.89651 41.310947,1.896635 41.311183,1.896942 41.311371,1.897322 41.311446,1.897741 41.311528,1.898011 41.311748,1.898164 41.311822,1.899378 41.31164,1.900512 41.311813,1.900969 41.312035,1.901176 41.312308,1.901242 41.312476,1.901144 41.312591,1.901136 41.312843,1.901152 41.313224,1.901733 41.314568,1.90203 41.314787,1.902314 41.315016,1.902296 41.315308,1.902553 41.315539,1.903029 41.315659,1.903202 41.315642,1.903709 41.315651,1.904167 41.31553,1.904527 41.315525,1.904777 41.315645,1.904684 41.31584,1.904747 41.316243,1.904762 41.31634,1.904774 41.316379,1.905256 41.316437,1.905897 41.316519,1.906259 41.316618,1.906511 41.316674,1.907048 41.316679,1.907473 41.316711,1.908629 41.316827,1.90862 41.316934,1.908607 41.3171,1.908694 41.317244,1.908733 41.317382,1.908782 41.317774,1.908866 41.317931,1.908886 41.318056,1.908934 41.31836,1.90905 41.318757,1.909169 41.318932,1.909405 41.319134,1.909641 41.319219,1.909852 41.319331,1.910028 41.319676,1.910075 41.3199,1.910168 41.320071,1.910349 41.320316,1.910476 41.320551,1.910495 41.320821,1.910546 41.321019,1.910665 41.321118,1.911045 41.321282,1.911201 41.321415,1.91148 41.321751,1.911662 41.322087,1.911729 41.322308,1.911828 41.322511,1.911949 41.32276,1.911966 41.322923,1.911991 41.323143,1.912042 41.323361,1.912105 41.323697,1.912331 41.324177,1.912548 41.324334,1.912884 41.32447,1.913297 41.324687,1.914211 41.325239,1.914391 41.325341,1.914587 41.325417,1.915002 41.325676,1.915285 41.326312,1.915571 41.326779,1.915815 41.326946,1.916428 41.327159,1.916954 41.327493,1.917377 41.327712,1.917722 41.327946,1.918185 41.328184,1.918827 41.328369,1.91927 41.328516,1.919758 41.328806,1.920021 41.328973,1.920208 41.329147,1.920243 41.329361,1.920403 41.329427,1.920592 41.329429,1.92103 41.329319,1.921476 41.329316,1.921545 41.329672,1.921623 41.329995,1.921722 41.330339,1.921868 41.330684,1.922007 41.330991,1.922332 41.330917,1.922671 41.331609,1.922824 41.331604,1.922986 41.331657,1.92307 41.331834,1.92398 41.333845,1.924814 41.335725,1.925007 41.336261,1.923737 41.336569,1.92299 41.337643,1.924764 41.33931,1.924757 41.339807,1.925039 41.340322,1.925161 41.340604,1.925321 41.340698,1.925406 41.340853,1.925499 41.341358,1.925627 41.341531,1.925844 41.341769,1.926303 41.342123,1.926966 41.342666,1.928028 41.343577,1.928211 41.344334,1.928185 41.344954,1.927622 41.345556,1.927279 41.346185,1.92729 41.346483,1.927394 41.346936,1.927478 41.347569,1.927395 41.347839,1.927387 41.348325,1.927495 41.348636,1.927332 41.349311,1.92795 41.350419,1.928586 41.35027,1.929389 41.350227,1.930254 41.350411,1.931607 41.350516,1.933223 41.35064,1.934854 41.351008,1.935355 41.351038,1.936494 41.351036,1.936494 41.351036,1.938096 41.350887,1.938934 41.350718,1.939772 41.350575))",002,08020701002,01,080207
"POLYGON ((0.926836 41.831271,0.926836 41.831271,0.926694 41.830687,0.926149 41.828454,0.924027 41.824906,0.918539 41.817607,0.914465 41.812233,0.911809 41.810429,0.910789 41.805526,0.908911 41.80277,0.907926 41.797671,0.914325 41.796374,0.91315 41.792273,0.91224 41.787874,0.91039 41.784834,0.910193 41.784885,0.909649 41.785108,0.909023 41.785298,0.908012 41.785523,0.905428 41.785908,0.902779 41.786347,0.901932 41.78638,0.900726 41.786456,0.899682 41.786558,0.899014 41.786576,0.898373 41.786633,0.896053 41.787715,0.895823 41.787766,0.895439 41.787819,0.894958 41.788016,0.894573 41.788098,0.893839 41.788187,0.893442 41.788257,0.893298 41.788323,0.893134 41.788444,0.893065 41.788464,0.892961 41.788479,0.892807 41.788468,0.892622 41.788379,0.892346 41.788362,0.888595 41.788719,0.887777 41.788852,0.887813 41.788554,0.887273 41.786129,0.887279 41.78594,0.887412 41.785608,0.88739 41.78535,0.887186 41.784785,0.887143 41.78423,0.887234 41.782987,0.887208 41.782586,0.88703 41.782225,0.88676 41.781675,0.886705 41.781455,0.88669 41.781396,0.88669 41.781396,0.886751 41.781076,0.886619 41.780737,0.886308 41.780229,0.885164 41.777589,0.883965 41.775909,0.882768 41.774174,0.882561 41.773728,0.882581 41.773134,0.882492 41.772469,0.882307 41.771913,0.881933 41.770953,0.881333 41.769574,0.881058 41.768961,0.880814 41.768528,0.880814 41.768528,0.877827 41.769606,0.877827 41.769605,0.87766 41.76914,0.877591 41.768945,0.875088 41.770163,0.874069 41.770593,0.873667 41.770745,0.86938 41.771721,0.868524 41.772231,0.867623 41.772677,0.865975 41.773447,0.865073 41.773965,0.863073 41.774751,0.862077 41.775308,0.860329 41.776486,0.85968 41.776872,0.858911 41.777108,0.857851 41.777216,0.855874 41.777337,0.854906 41.777505,0.853287 41.777927,0.853287 41.777927,0.854734 41.780333,0.856419 41.78271,0.859413 41.786935,0.860247 41.789573,0.860466 41.790267,0.860466 41.790268,0.857766 41.790235,0.856895 41.790515,0.859128 41.793059,0.84373 41.796062,0.835613 41.796508,0.835613 41.796508,0.832527 41.796786,0.830519 41.796464,0.830519 41.796477,0.830491 41.79817,0.830476 41.799091,0.829662 41.799494,0.83003 41.799558,0.830209 41.799565,0.83156 41.799469,0.832228 41.799442,0.833192 41.799478,0.833607 41.79956,0.83414 41.799803,0.835057 41.80027,0.835566 41.800528,0.836601 41.800988,0.838586 41.801608,0.839136 41.801763,0.839581 41.801848,0.841922 41.802099,0.842632 41.802144,0.843311 41.802134,0.843849 41.802105,0.844171 41.802057,0.844501 41.802032,0.845002 41.802043,0.845078 41.802053,0.845164 41.802117,0.845332 41.802266,0.845412 41.802369,0.845472 41.802484,0.845597 41.803106,0.84551 41.803841,0.845481 41.804082,0.845481 41.804082,0.845486 41.804489,0.845486 41.804489,0.836463 41.803389,0.834373 41.802265,0.832686 41.801975,0.832257 41.801902,0.832257 41.801902,0.831177 41.801928,0.827934 41.802974,0.82694 41.803186,0.82716 41.805341,0.827185 41.805585,0.827185 41.805585,0.829698 41.808417,0.830526 41.810459,0.830759 41.811274,0.831146 41.812628,0.831437 41.813643,0.832573 41.816056,0.832573 41.816056,0.831455 41.81946,0.832114 41.819837,0.833024 41.820356,0.833024 41.820356,0.83838 41.819631,0.84195 41.820543,0.84307 41.820829,0.84307 41.820829,0.849356 41.817668,0.852007 41.818385,0.852456 41.81908,0.853958 41.821209,0.853958 41.821209,0.857844 41.819515,0.866407 41.818129,0.867508 41.818014,0.869152 41.817786,0.869416 41.820523,0.869416 41.820523,0.870545 41.820421,0.870545 41.820421,0.873528 41.820109,0.882687 41.817947,0.883826 41.819275,0.885508 41.821237,0.887879 41.826083,0.895322 41.831556,0.895322 41.831556,0.902017 41.831351,0.908589 41.829281,0.911805 41.828381,0.913395 41.828908,0.914053 41.829126,0.917603 41.830085,0.926795 41.831266,0.926836 41.831271))",001,25035201001,01,250352
"POLYGON ((2.002832 41.309795,2.002096 41.309247,2.00203 41.309294,2.002 41.309307,2.001954 41.309322,2.001902 41.309334,2.001844 41.309338,2.001771 41.309336,2.001699 41.309324,2.001647 41.309305,2.001584 41.309274,2.001546 41.309243,2.001484 41.309155,2.00128 41.309164,2.000843 41.309147,2.000609 41.309138,1.99972 41.309172,1.998553 41.309327,1.998227 41.309345,1.998188 41.309421,1.998134 41.309522,1.997995 41.30981,1.997944 41.309933,1.99793 41.309966,1.998099 41.309965,1.998117 41.309967,1.998122 41.309994,1.998144 41.310129,1.99817 41.310191,1.998264 41.310494,1.997785 41.31057,1.997771 41.310593,1.997839 41.310806,1.997878 41.31097,1.997886 41.311002,1.997891 41.311024,1.99802 41.311024,1.998291 41.310919,1.998774 41.310737,1.999231 41.310599,1.999776 41.31052,2.000413 41.310454,2.000947 41.310407,2.001472 41.310344,2.001836 41.310272,2.002163 41.310155,2.002548 41.309977,2.002832 41.309795))",007,08089802007,02,080898
